DataID,Language,MWE,Setting,Previous,Target,Next,Label
train_one_shot.EN.147.1,EN,high life,one_shot,PSG ace Marquinhos owns this £170k Ferrari - but hardly drives itCredit: PA:Press Association,"Despite having the riches to afford the high life, PSG captain Marquinhos is still in touch with his past life before becoming a multi-millionaire footballer.","In an interview with the French magazine 'So Foot' reported by RMC Sport, he said: ""I bought it when I arrived at PSG, but it's true that I use it very little.",1
train_one_shot.EN.183.1,EN,birth rate,one_shot,Demography expert Piotr Szukalski told Dziennik Gazeta Prawna he thinks that deep concerns about the spread of the coronavirus are to blame.,Minister of Family and Social Policy Marlena Malag ascribed the high death rate to the pandemic and said it would take a long time for the current government program of family benefits intended to boost the birth rate to reverse the negative trend.,"Commenting on data the state agency Statistics Poland released in December for 11 months of 2020, economist Rafal Mundry said the number of deaths was the highest since World War II, and the number of births the lowest in 15 years.",1
train_one_shot.EN.213.1,EN,home run,one_shot,"Negro Leagues Baseball Museum President Bob Kendrick on Friday reminded fans that Aaron broke with the Milwaukee Braves in 1954, just seven years after Jackie Robinson shattered the color line with the Brooklyn Dodgers.","So Aaron faced the same brutal racism other Black players of the era experienced, especially as the slugger approached Ruth’s home run record.","This Black man in the deep South was about to break a record that no one really thought could ever be broken and that was not wearing well on a lot of (white) people,” Kendrick told the MLB Network, shortly after getting word of Aaron's passing.",0
train_one_shot.EN.26.1,EN,public service,one_shot,The Nakayama Public Service Scholarship is part of the university's efforts to encourage students to use their Duke experience to engage with the large challenges facing communities around the world.,Program leaders said the scholarship defines public service broadly and imagines a variety of pathways toward civic engagement.,"I think everyone can agree we need to do more to support students with the desire to serve in public service after Duke,"" said Chris Simmons, associate vice president for government relations, who will direct the Nakayama Scholars Program.",0
train_one_shot.EN.26.2,EN,public service,one_shot,He was absolutely right.”,"In the ensuing years, Wennberg might not have managed to knock down the parking deck, but his administration helped keep Central Vermont Public Service from moving its corporate headquarters out of the city, and after successfully fighting a number of shopping centers city officials worried would pose a threat to downtown, he negotiated a deal that kept Diamond Run Mall from hosting a movie theater or supermarket and got the city a couple million dollars in payments that funded a variety of projects through the years.",Wennberg said he knew when he ran for his sixth term it would be his last.,1
train_one_shot.EN.154.1,EN,travel guide,one_shot,"Today, Forbes Travel Guide's incognito inspectors travel the world, evaluating properties based on up to 900 rigorous, objective standards.","Forbes Travel Guide also supports the hospitality industry and other service-oriented businesses such as luxury residential, healthcare and private clubs with bespoke training solutions, evaluation services and the creation of custom service standards.","For more information, please visit partner.forbestravelguide.com.",1
train_one_shot.EN.163.1,EN,swan song,one_shot,"The former chief legal officer at Coinbase has said multiple times he believes digital assets and blockchain technology can form the basis for the future of the financial system, a view he reiterated during the seminar.","Blockchains, fundamentally, are banking because what they’re doing is allowing the transaction of value across networks … they’re doing it in an orthogonally different way,"" he said Wednesday in what may be his swan song in public office.","It is unclear who the incoming president, Joe Biden, might tap to replace Brooks.",0
train_one_shot.EN.163.2,EN,swan song,one_shot,"Upcoming films include “Emancipation,” from director Antoine Fuqua and producer and star Will Smith, a deal which rated a $130 million record package sale last year out of Cannes.","They’ve also got:“ Killers of the Flower Moon,” directed by Martin Scorsese and starring Leonardo DiCaprio and Robert De Niro; “Swan Song” with Mahershala Ali, Naomie Harris and Glenn Close and Awkwafina; “Kitbag,” from Ridley Scott and Joaquin Phoenix; A24’s “Sharper” with Julianne Moore; and “Snow Blind” with Jake Gyllenhaal.","Their current awards contenders for this year’s cycle include the animated “Wolfwalkers,” Sofia Coppola’s “On The Rocks,” Tom Hanks’ “Greyhound,” the acclaimed documentary “Boys State,” and Werner Herzog’s “Fireball.”",1
train_one_shot.EN.68.1,EN,banana republic,one_shot,"Meanwhile, many pundits and leading political figures wonder what it will take to restore what they call U.S. moral leadership on the world stage.","The history of the banana republic reminds us that the notion of the United States as a beacon of human rights and democracy is, for all too many across the globe, a lie.","The uncomfortable truth is that this history — like the long record of American racism, overt and structural, and the endless involvement in war — demonstrates that violence is as American as apple pie.",0
train_one_shot.EN.68.2,EN,banana republic,one_shot,Attention all 'Mad Men' followers: fans can now sport the latest looks from the popular TV show.,"Beginning in August, Banana Republic is launching their new limited edition 'Mad Men' inspired collection.",The clothing company teamed up with Emmy Award-winning 'Mad Men' Costume Designer Janie Bryant for their latest collection.,1
train_one_shot.EN.67.1,EN,wedding anniversary,one_shot,The veteran actor breathed his last in April last year after two year battle with cancer.,"Today, veteran actress Neetu Kapoor remembered Rishi on their 41stb wedding anniversary.",She shared a montage video of some of her most cherished moments with her late husband.,1
train_one_shot.EN.182.1,EN,bad apple,one_shot,"PEZA has been recognized by both the local and international organizations like the US Department of State, Philippine Statistics Authority (PSA), and the Presidential Communications Operations Office for its best practices and performance during the pandemic.","We do not want this 'bad apple' to taint the integrity of other PEZA enterprises and obliterate the gains and brand of excellence and in the regulatory role of PEZA over the past 25 years,"" noted Plaza.",The Director General has already requested for a meeting with BOC Commissioner Rey Leonardo Guerrero to tackle the matter and to strengthen cooperation to prevent the occurrence of any further incident similar to this.,0
train_one_shot.EN.182.2,EN,bad apple,one_shot,"All it takes is a perfunctory listen to the album to hear the obvious influences—that of swampy delta blues and the rustic yet riveting sounds borne from the likes of Robert Johnson, Mississippi John Hurt, Skip James, Hound Dog Taylor, Fred McDowell and Son House in particular.","The original material—“Last Minute Picker,” Can’t Escape,” “Reap What You Sow,” “Bad Apple,” and “Evil Thoughts,” in particular—find Volt varying the pacing while shifting from blustery boogie to insistent shuffles.","Naturally then, the music is propelled with drive, confidence, conviction, and determination.",1
train_one_shot.EN.20.1,EN,panda car,one_shot,"Headteacher Keith Cotgrave said a number of pupils had been deeply shocked by the news and were sent home, others were being offered counselling.",Police were alerted after the Ford Sierra was seen being driven in Wolsingham in the early hours and was later spotted by two officers in a panda car.,The Army truck was parked behind another Army vehicle and soldiers were busy changing a shredded tyre on the front vehicle when the Sierra hit the rear truck.,0
train_one_shot.EN.20.2,EN,panda car,one_shot,"We need to have a system of policing which allows officers to build up and sustain a relationship with the community they serve in and this obviously means having more officers on patrol,"" said Chief Constable Albert Laugharne, who had become head of the force in 1978.","And so it was that on January 1, 1982, that the foot patrols returned and the Panda Car policy went gradually into reverse.","Recently restored to prominence as the magic flying car in the hugely-popular Harry Potter ""Chamber of Secrets"" book and film, the Ford Anglia 105E model that was the bedrock of Lancashire's pioneering Panda fleet was manufactured from 1959 to 1967 and had a top speed of 74 mph.",1
train_one_shot.EN.225.1,EN,eager beaver,one_shot,"After the agents left, Kinnucan sent an email to clients at 12:56 a.m. which he said he was contractually required to send.","Today two fresh faced eager beavers from the FBI showed up unannounced (obviously) on my doorstep thoroughly convinced that my clients have been trading on copious inside information,"" the email said.","They obviously have been recording my cell phone conversations for quite some time, with what motivation I have no idea.)",0
train_one_shot.EN.225.2,EN,eager beaver,one_shot,Despite Darrell's criminal record the judge gives him custody because of Darrell's football hero days and Erin's lack of income.,"Erin, determined to win back custody, takes a job as an exotic dancer at the Eager Beaver where she is protected by Shad (Rhames), the bouncer.","Erin gains fans at the club, one of which is Congressman Dillbeck (Reynolds), who is more than a little zealous in his pursuits.",1
train_one_shot.EN.161.1,EN,rice paper,one_shot,To send a Tyrus Wong Christmas card was to announce the buyer's cosmopolitan flair.,"Hallmark referred to its offerings as ""international symbols of quality and good taste,"" and Wong's cards often came with foil borders, rice paper sleeves and other embellishments that justified their higher prices of 25 to 35 cents per card.","Already in 1958, California Artists had promoted Wong's work by suggesting that ""perhaps the reason Tyrus Wong has so rapidly become a favorite Christmas artist is that his paintings are all things to all people.""",0
train_one_shot.EN.11.1,EN,chain reaction,one_shot,"Alex Dinkla told NBC affiliate WHO Thursday that the incident is ""telling us vehicles are traveling way too fast for the conditions and whenever some incident is happening in front of them ... they're unable to slow down in time.""","That's what we see here is the commercial motor vehicle truck traffic just could not get stopped in time and had this chain reaction crash,"" Dinkla added.","The accident occurred around the time the Iowa Department of Transportation cautioned residents against travel, as the north and central areas of the state were experiencing their second winter storm.",0
train_one_shot.EN.11.2,EN,chain reaction,one_shot,"However, an innovative breakthrough developed by researchers at Virginia Commonwealth University Massey Cancer Center and the VCU Department of Physics promises to diagnose DNA rearrangement mutations at a fraction of the cost with improved accuracy.","Led by VCU physicist Jason Reed, Ph.D., the team developed a technique that combines a process called digital polymerase chain reaction (dPCR) with high- speed atomic force microscopy (HSAFM) to create an image with such nanoscale resolution that users can measure differences in the lengths of genes in a DNA sequence.","These variations in gene length, known as polymorphisms, can be key to accurately diagnosing many forms of cancer and neurological diseases.",1
train_one_shot.EN.101.1,EN,sex bomb,one_shot,My girlfriend got it for me for Christmas and it's got to be one of the best smelling Lush bombs I've ever used.,My skin smelled so good afterward and I definitely felt like a Sex Bomb!,"Yes, I would recommend to a friend",0
train_one_shot.EN.101.2,EN,sex bomb,one_shot,"Illustration for article titled Baby, you should turn on the Red Army Choirs Sex Bomb cover ","Let’s get this out of the way up front: Nobody, not even the erotic titan Sir Tom Jones OBE himself, can pull off a performance of “Sex Bomb” without looking hilarious in the process.","That said, a recently resurfaced version of the song from Russia’s Red Army Choir and MVD Ensemble takes Jones’ militaristic ode to banging to a level of (thematically appropriate) absurdity that’s stunning to behold.",1
train_one_shot.EN.255.1,EN,health check,one_shot,Illustration for article titled Unarmed Black Man Fatally Shot by Texas Police Officer Responding to Mental Health Check ,"Over the weekend, an unarmed Black man was fatally shot by a police officer in Killeen, Texas, after the officer responded to a call for a mental health check.","Part of the confrontation that led to the shooting, as well as the family’s devastating reaction to it, was recorded by the Ring camera on the residence the officer was called to.",1
train_one_shot.EN.247.1,EN,cotton candy,one_shot,Ariel Winter is digging her latest hair color.,"The “Modern Family” star revealed earlier this month that she dyed her hair ""cotton candy"" pink and she recently debuted longer extensions to complete the new hairstyle.","Winter, 22, flaunted her look on Wednesday with a colorful photo showing the television actress wearing a plunging white shirt, a pink mini skirt to match her hair, and iridescent heels.",0
train_one_shot.EN.247.2,EN,cotton candy,one_shot,"While ""The Masked Singer"" is away, ""The Masked Dancer"" will play in its time slot with the second episode of its first season this Wednesday.","And with the new hour comes the arrival of Group B: Sloth, Ice Cube, Zebra, Cotton Candy and Moth.","In TheWrap's exclusive sneak peek from tomorrow's episode, panelist Brian Austin Green makes a guess about the identity of one of those five dancers based not on their dancing, but on a punctuation mark included in a clue package.",1
train_one_shot.EN.222.1,EN,food market,one_shot,"The profiling enfolds key information of the companies which encompasses business overview, products and services, key financials and recent news and developments.","On the whole, the report depicts detailed overview of the global ready to eat food market that will help industry consultants, equipment manufacturers, existing players searching for expansion opportunities, new players searching possibilities and other stakeholders to align their market centric strategies according to the ongoing and expected trends in the future.",Research Nester is a leading service provider for strategic market research and consulting.,0
train_one_shot.EN.222.2,EN,food market,one_shot,The report studies the competitive environment of the Wet Pet Food Market is based on company profiles and their efforts on increasing product value and production.,Wet Pet Food Market research study involved the extensive usage of both primary and secondary data sources.,"The research process involved the study of various factors affecting the industry, including market environment, competitive landscape, historical data, present trends in the market, technological innovation, upcoming technologies and the technical progress in related industry, and market risks, opportunities, market barriers, and challenges.",1
train_one_shot.EN.130.1,EN,insurance company,one_shot,"Sixth Street also previously invested in UK pensions startup, Clara, and in Lifetri, a Dutch insurer.","In the Talcott transaction, Sixth Street is buying from a group of investors who have worked to grow the insurance company over the past several years, including Cornell Capital LLC, Atlas Merchant Capital LLC, TRB Advisors LP and Global Atlantic Financial Group.","The Talcott Resolution team has a proven ability to initiate, execute, and deliver results and we look forward to continuing what the consortium started through their strategic investment in the company's growth,"" said Waxman.",1
train_one_shot.EN.54.1,EN,pillow slip,one_shot,"She crossed the room to the closet, and opened the door. ","It was empty, but on the floor lay the pillow slip which Sylvia had defended from John so heatedly.",Edna looked at the white bag with some repugnance. ,1
train_one_shot.EN.86.1,EN,dust storm,one_shot,"This process in fact happens naturally when dust blows from the land to the ocean, particularly from deserts such as the Sahara and Patagonia.","But although dust storms are frequent during the Australian spring and summer, and Australian dust has a high iron content, witnessing the oceans bloom has proven elusive.","Now, however, armed with satellite data, we've recorded phytoplankton blooming, almost certainly due to Australian dust storms.",1
train_one_shot.EN.127.1,EN,flower child,one_shot,"Although I bet that DONNA GYLLING (who portrayed Elaine) didn't grow up in Manhattan, she sure sounded like it!","And AMANDA ABRIGHT (as Bobbi Michele) is certainly too young to have been a ""flower child,"" but she bloomed on stage splendidly!",And then there was CINDY SIPLE who played poor Jeanette Fisher who had a hard time even letting go of her purse!,0
train_one_shot.EN.127.2,EN,flower child,one_shot,"Now in your little white room with no windows and three square sedations a day   You plead with the doctor who's running the show   ""please don't take jasmine away and leave me alone.""",About “Incarceration Of A Flower Child”,This is a song originally written in 1968 by Roger Waters.,1
train_one_shot.EN.15.1,EN,economic aid,one_shot,"On Wall Street, the benchmark S&P; 500 index gained 1.6%, recovering some of losses earlier in the week amid frenzied trading of video game retailer GameStop and other stocks targeted by novice day traders.","In Washington, Biden invited 10 moderate Republicans to the White House to discuss his proposed $1.9 trillion economic aid plan.","Republicans earlier countered with an offer of $600 billion, or less than one-third of Biden’s proposed amount.",1
train_one_shot.EN.251.1,EN,fish story,one_shot,"Alan Sears said his son has also advanced to the next Cub Scout level, a Bear.","Armed with his new fishing pole, Brody Sears is likely anxious to land another big one and have another big fish story to tell.",Readers around Glenwood Springs and Garfield County make the Post Independent’s work possible.,0
train_one_shot.EN.251.2,EN,fish story,one_shot,Things to Do  Food & Drink  Arts & Culture  Movies  Travel  Time In  Time Out Market  Love Local  News  More,Children of Jaws' might have been a better title for this teen version of the big fish story.,"The switch in emphasis - away from an adult world in which expert and monster play out their duel, to one where healthy, wealthy but dumb kids are merely terrorised prawns - can't disguise the sense of d eja vu.",1
train_one_shot.EN.118.1,EN,dry land,one_shot,"And so, the ocean beckons.","Excited by the potential of uncovering ancient pasts, researchers and traditional custodians in Australia and beyond are stepping offshore to delve deeper into Indigenous histories, in search of sites that probably would have been destroyed or eroded if they lay on dry land.","You mustn't stop at the shoreline,"" says archaeologist Jonathan Benjamin, who steered the project in Murujuga.",0
train_one_shot.EN.118.2,EN,dry land,one_shot,"Due to the limitations of remote sensing images, LULC was not classified in enough detail.","For example, in the data set, there was no difference between dry land and paddy land.","Therefore, we used cultivated land as a representative and estimated the ESV of cultivated land rather than using separate calculations based on dry land and paddy land14,48.",1
train_one_shot.EN.170.1,EN,private eye,one_shot,Palladino uncovered a deliberate campaign by Big Tobacco to smear the executive following his allegations that tobacco products were spiked with chemicals to make them more addictive.,"The private eye later played himself in ""The Insider,"" the 1999 Hollywood film about the case starring Al Pacino and Russell Crowe.","Mel Honowitz, Palladino's lawyer, told the San Franciso Chronicle: ""He investigated his own murder.",0
train_one_shot.EN.170.2,EN,private eye,one_shot,It depends how this interview goes down',"With time running out, I finish off my Hislop interview with some quickfire questions about life at Private Eye and the editor's future at the magazine.",Have you lost many friends because of coverage in the Eye?,1
train_one_shot.EN.144.1,EN,bow tie,one_shot,He liked the look and made them a part of his royal wardrobe.,"While the popularity of ties has waxed and waned over the last few centuries, the bow tie business is strong in 2011, as the piece of apparel is fashionable for both formal and casual dress.","Running a bow tie business is similar to running other clothing businesses, though bow tie business owners or operations managers should always be looking for new opportunities to grow the business and expand into new markets.",1
train_one_shot.EN.270.1,EN,closed book,one_shot,"For some, the answer is nothing.",His release is just another chapter in a closed book on one part of Detroit’s storied history.,"For those who didn’t do their homework, Kilpatrick became a convenient poster child of Detroit’s downfall, overlooking variables like a declining population and tax base, and its peripheral impact that spelled trouble for decades.",0
train_one_shot.EN.270.2,EN,closed book,one_shot,This will enrich your student experience and support your learning.,Assessments will consist of two hour closed book examinations containing short answer questions requiring critical analysis of complex case studies as well as Multiple Choice Questions.,"The programme will use a block teaching timetable, operating over two weekdays for the Full Time mode and online for the Part Time mode (including some interactive sessions).",1
train_one_shot.EN.267.1,EN,mental disorder,one_shot,"Specifically, the language of the bill states that the DOC may permit an offender committed to the department to remain within a treatment facility operated by the department for no longer than 14 days past their mandatory release date under certain circumstances.",One of those circumstances is if the offender has a serious physical or mental disorder or disability and is being held in the treatment facility operated by the department until they may be placed in a similar treatment setting outside the department.,Another is if the department made a good faith effort to timely place the offender in a treatment setting outside the department on or before the offender’s mandatory release date.,1
train_one_shot.EN.104.1,EN,bad hat,one_shot,The disapproval is literally of the hats.,The moral character of a bad hat is secondary.,"Shocking, used as a quasi-adverb like this, was thought a vulgarism (though Wellington wouldn’t have minded).",0
train_one_shot.EN.104.2,EN,bad hat,one_shot,Anthony Sellitti is a writer and director with a diverse range of projects.,"After graduating from The School of Visual Arts in New York, Sellitti moved to Los Angeles, where he interned for Bryan Singer's production company, 'Bad Hat Harry' as well as Steven Spielberg's company, 'Dreamworks.'","Soon after, he began working with Dan Harris (X-Men: Apocalypse, Superman Returns, X2) as an assistant, and then began collaborating with the X-Men scribe on several film and TV projects as a co-writer.",1
train_one_shot.EN.275.1,EN,life vest,one_shot,Josh Hanlon lives in the trenches with our kids and our teachers.,He is a proverbial life vest that has pulled so many people through in times of despair during these extended periods of remote learning.,"He is the quintessential innovator in education, yet he remains balanced at all times in his approach to serve and support everyone with patience and compassion.”",0
train_one_shot.EN.150.1,EN,mailing list,one_shot,"Examples are lists of mailing addresses, telephone directories, directories of businesses, collections or compilations of proprietary drugs or legal case results, compilations of public records, etc.","The directory, mailing list and other publishers market is segmented into directory and mailing list and other publishers.","Some of the key players involved in the Directory, Mailing List, And Other Publishers Market are Thomson Reuters, Nielsen Holdings, YP Holdings LLC, Dex Media Inc., Gannett.",1
train_one_shot.EN.192.1,EN,elbow room,one_shot,"“As long as an officer might reasonably think that a warrantless search will alleviate a danger to the community, the search is considered constitutional,” the news outlet stated.","The 1st Circuit Court of Appeals previously decided in support of law enforcement regarding Caniglia v Strom, writing, ""At its core, the community caretaking doctrine is designed to give police elbow room to take appropriate action when unforeseen circumstances present some transient hazard that requires immediate attention.""",Understanding the core purpose of the doctrine leads inexorably to the conclusion that it should not be limited to the motor vehicle context.,0
train_one_shot.EN.49.1,EN,call centre,one_shot,"Paula MacNeil, CEO for the hospital foundation, is thrilled employees chose to help them this year.","It's such a sign of the morale here at the call centre that each year they pick a charity they would like to help to support and they raise the money themselves and we are honoured that it is the hospital foundation this year.""","The patient care and pediatrics fund each ensure that families and patients with unexpected medical expenses receive financial help for things like prescriptions and equipment, travel costs or covering a heating bill.",1
train_one_shot.EN.215.1,EN,dream ticket,one_shot,"Now, of course, Betis, Alcoyano and whoever else remains in the competition after this week's round of 16 will have something to say about this concept.","But if the tantalising dream ticket of two ""Basque Clasico"" Copa finals in 14 April days can come off then the temperature, never mind that Sevilla can be rainy around Easter, will be absolutely fever pitch.","Don't forget, either, that there's still one Athletic vs. Real Sociedad derby in La Liga left to be played.",0
train_one_shot.EN.215.2,EN,dream ticket,one_shot,Email your wish to [email protected] or write to:,"Una’s Dream Ticket   Tyrone Productions   133 Capel Street,   Dublin 1.","The closing date for applications is July 19th, but the sooner you enter the better, because you never know how quickly your wish may come true.",1
train_one_shot.EN.38.1,EN,sacred cow,one_shot,a man sitting in a car: Chairman of the Clwyd South Conservative Association Gareth Baines \(pictured\) claimed mothers were taking their children into hospital 'for a day out' to 'harvest Facebook likes'  (C) Provided by Daily Mail Chairman of the Clwyd South Conservative Association Gareth Baines (pictured) claimed mothers were taking their children into hospital 'for a day out' to 'harvest Facebook likes',"In another post, he said: 'Our NHS is treated as a sacred cow and cannot be criticised.",Those arguing for reform are deemed to be Satan incarnate.,0
train_one_shot.EN.38.2,EN,sacred cow,one_shot,"But can a healthy, sustainable and conscientious food system exist without animals?","Sacred Cow probes the fundamental moral, environmental and nutritional quandaries we face in raising and eating animals.","In this film project, we focus our lens on the largest and perhaps most maligned of farmed animals, the cow.",1
train_one_shot.EN.79.1,EN,disability insurance,one_shot,"The report studies the value, volume, and the concentration rate of the market, that predicts the maximum growth for the forecast period.","The basic dynamics of the Disability Insurance market have been studied and stress is put upon the various influential factors such as the constraints, opportunities, strengths, and weaknesses.",Other latent factors are also evaluated that will further aid the study of the global Disability Insurance market.,1
train_one_shot.EN.261.1,EN,skin tone,one_shot,"TOKYO: Japanese online fashion retailer Zozo Inc on Friday launched skin tone measuring glasses for ordering cosmetics online, making its latest fashion tech offering as it expands beyond apparel.","Zozoglass"", a pair of spectacles covered with colour swatches and markers, detects skin tone when scanned with a smartphone for tailored cosmetics recommendations on Zozotown, Japan's biggest online fashion site.","Traditionally in Japan you'd go to a large department store, you go to the counter and then you actually try stuff on,"" Zozo's Chief Operating Officer Masahiro Ito said in an interview.",1
train_one_shot.EN.87.1,EN,sugar daddy,one_shot,The federal government has had a big hand in funding this phenomenon: throwing money at roads while treating their surroundings as a design afterthought.,"At a time when many cities have undertaken Vision Zero campaigns to eliminate traffic fatalities, and made a move toward “complete street” design — which takes cyclists and pedestrians as much into account as it does the movement of cars — it’s time for the U.S. Department of Transportation, newly helmed by Pete Buttigieg, to catch up and not simply function as a sugar daddy for highways.",It will be critical to support rail and other mass transit options.,0
train_one_shot.EN.87.2,EN,sugar daddy,one_shot,"CEO Thomas Giallonardo III, Justin’s father, also created a hostile work environment, according to the lawsuit.","An administrative assistant who worked as the senior Giallonardo’s personal assistant for six months witnessed him boasting about a sexual encounter with an underage girl while abroad and was asked to find her boss sexual partners on a site for “women who would have sex for compensation,” billed as “The Official Sugar Daddy Site.”",Other Giallonardo relatives were also implicated in the filing.,1
train_one_shot.EN.90.1,EN,wedding day,one_shot,Wedding photographer and Fuji ambassador John Branch IV runs you through how he gets ready for a couple’s big day.,"Branch has a number of tips that will make the wedding day itself run more smoothly and if there’s one aspect that I’d stress, it’s the need to make sure that you don’t find yourself formatting memory cards while shooting.","The first wedding I ever shot (as a favor to a friend with a tight budget) saw me hurriedly swapping out cards about two hours into the day, formatting the replacement card before I got back to work.",1
train_one_shot.EN.162.1,EN,peace conference,one_shot,Some delegates called upon stakeholders to galvanize efforts to concretely advance the Palestinian cause.,"Several speakers, including the representative of Afghanistan, said States must lend robust support to the peace process and the proposed international peace conference, with a view to advancing along the road towards a two-State solution.","The representative of Namibia declared: ""There is no 'plan B' for the two‑State solution.""",1
train_one_shot.EN.177.1,EN,think tank,one_shot,"The Oxford Economics said it believes that the outlook for exports in China remains positive, given the favorable global growth forecast, and ""the return to global economic growth should underpin solid export growth in 2021.""","Apart from the exports, the British think tank also said that import growth picked up in December too, resulting in faster growth in Q4 compared to the previous quarter.","We think goods imports will expand significantly in 2021, underpinned by strong domestic demand,"" said the think tank, noting that it ""anticipates imports of capital goods will outperform those of commodities (in 2021).""",0
train_one_shot.EN.177.2,EN,think tank,one_shot,"Someone who realizes a challenge and meets it should feel accomplished for taking action to better equip themselves, or their child, for the real world,"" finished Wilson.","Members of the media are invited to speak with Michael Wilson on his background and how he developed The Think Tank, as well as on education trends, by utilizing the contact information below.",Michael Wilson holds a Bachelors in Mechanical Engineering from Texas A&M University and an MBA from the University of North Texas.,1
train_one_shot.EN.103.1,EN,silver lining,one_shot,This is a year of a stronger collaboration.,"The silver lining this year especially for the hotels in Metro Manila, as you know, is the OFWs and balikbayans.","The government partnered with a lot of hotels to become quarantine hotels for Filipinos coming back home,” shared Pearl Maclang, Marco Polo Davao’s Director of Sales & Marketing and HSMA Director for Public Relations.",0
train_one_shot.EN.103.2,EN,silver lining,one_shot,"In the mid-1990s he was the singer and bassist for the rock band Perfect, and eventually joined the hard rock band Guns N' Roses in 1998.","Stinson released his debut solo album, Village Gorilla Head in 2004 and subsequently joined Soul Asylum for the completion of their album The Silver Lining, and was a member of the band for the album's tour in 2006 before joining them as a permanent member until 2011.","He released his second solo album, critically acclaimed One Man Mutiny, on his own Done To Death Music label in 2011.",1
train_one_shot.EN.27.1,EN,sitting duck,one_shot,"Jury pools would still consist of Custer County residents, but the proceedings would be in Pennington County.","Custer County Commissioner Mark Hartman has previously said he ""doesn’t want the courthouse to be a sitting duck for bad actors who may come to the courthouse to cause problems,"" the Custer County Chronicle reported in November.","The South Dakota Supreme Court ruling comes on the heels of the state's new chief justice's first state of the judiciary address, in which he said he would like to create a position dedicated to courthouse security around the state.",0
train_one_shot.EN.27.2,EN,sitting duck,one_shot,"These bands included future Camper Van Beethoven members bassist and vocalist David Lowery, guitarist and multi-instrumentalist Chris Molla, and often drummer Bill McDonald as well.","The Estonian Gauchos and a late incarnation of Sitting Duck also included another future Camper Van Beethoven member, bassist Victor Krummenacher, whose joining allowed Lowery to switch to rhythm guitar.","Sitting Ducks played a mixture of punk and acid rock, along with what Lowery described as ""fake Russian-sounding music"".",1
train_one_shot.EN.174.1,EN,goose egg,one_shot,"The decision might have been driven by the Platelets popularity from the previous season, but we get minimal interaction between our two leads for a cute character drama focusing on a platelet that's not very good at its job.","The danger in this episode is brought on by a hematoma, what is more commonly referred to as a ""bump"" or ""goose egg"" after hitting your head.","We've seen the platelets form blood clots in the previous season, and this one more or less follows the same routine with blood cells being whooshed out (thanks to the break in the capillaries and subsequent internal bleeding) and white blood cells getting stuck in platelets' fibrin nets to help form the clot.",0
train_one_shot.EN.109.1,EN,loan shark,one_shot,A Sports Illustrated story in 1993 didn't paint a pretty picture of Marciano's life after boxing.,"It said he was obsessed with collecting his payments for personal appearances in cash, evading paying income tax, having numerous sexual encounters with women other than his wife, never picking up a check, consorting with Mafia figures, and loaning more than $100,000 to finance a Cleveland loan shark.","On August 31, 1969, the day before Marciano's 46th birthday, Barbara Marciano had planned a joint birthday party for her husband and herself (Barbara had turned 40 on August 30) in their Fort Lauderdale home.",0
train_one_shot.EN.109.2,EN,loan shark,one_shot,Democrats Bernie Sanders and Alexandria Ocasio-Cortez have a plan to help you lower your credit card interest rate and get out of credit card debt.,They call it the Loan Shark Prevention Act.,"Here's what that means for your wallet.May 28, 2019",1
train_one_shot.EN.46.1,EN,busy bee,one_shot,"That is why we built it to be accessible on ordinary and cheap smartphones and readily accessible offline,” he said.","As many of his friends and colleagues know him to be, Esplago has always been a busy bee who makes changes happen whenever he goes.","In maritime circles, he is the tireless and eloquent young professional with hefty knowledge and capabilities hidden behind a bright, wide smile.",0
train_one_shot.EN.46.2,EN,busy bee,one_shot,"However, using analytics to build initial personas is a far better approach than using vague adjectives to describe prospects that don't mean anything to your sales team.","For example ""Busy Bee Mindy"" might be driven, motivated, and partial to using Slack, but this doesn't give your sales team anything to work with.",It doesn't accurately tell them what her role is nor what her pain points are.,1
train_one_shot.EN.231.1,EN,middle school,one_shot,The hallways at Urbana Middle School are set up for the return of students next week.,"URBANA — As Principal Joe Wiemelt and his staff mapped out what classes would look like when students return to Urbana Middle School on Tuesday, they began putting together a spreadsheet, detailing the various aspects they’d need to think about in different tabs.","Those tabs began to pile up as they planned out how they’d handle arrival and dismissal, transitioning students from one area to another, how a teacher might reserve a bigger room, and more.",1
train_one_shot.EN.12.1,EN,ancient history,one_shot, It is only at Mrs. Matthau's reminder that Gloria realizes who he is.,Both women brush the incident aside and chalk it up to ancient history. ,The characters of Lee Radziwill and Jacqueline Kennedy Onassis are then encountered when they walk into the restaurant together.,0
train_one_shot.EN.12.2,EN,ancient history,one_shot," Didn't they come sailing over from Denmark and Normandy, and all sorts of places, to settle down in England, which was a new country then, just as we're thinking of going out to Australia? ","Five hundred years hence we shall be quite ancient history ourselves, and folks can romance over our tombstones if they feel inclined."," And after all, why should one's ancestors do everything for one? I guess I'd rather make my mark in the world for myself,'—for the boy had all the enthusiasm of a pioneer about him, added to a sturdy spirit of independence.",1
train_one_shot.EN.218.1,EN,critical review,one_shot,"As a result, more than 3,000 children were separated from their families.","Department of Justice Inspector General Michael Horowitz released a critical review which found the department ""failed to effectively prepare for and manage the policy's implementation.""","Trump administration officials ""significantly underestimated [the policy's] complexities and demonstrated a deficient understanding of the legal requirements related to the care and custody of separated children.""",1
train_one_shot.EN.212.1,EN,top dog,one_shot,"In this respect, Fox News’s coverage of the Biden White House is shaping up to be very similar to its coverage of the Obama White House, when the network legitimized movements like the Tea Party and obsessed over the Benghazi attacks.","One thing is different this time around, however — Fox News is no longer the top dog.",We’re sort of in uncharted territory here.,0
train_one_shot.EN.212.2,EN,top dog,one_shot,"Contest winner dog licenses and gift cards were paid for by Galloway personally, and not at taxpayer expense.","Taking third, Otis rounded out the Second Annual Lake County ""Top Dog"" contest winners.",Lake County dog licenses for 2020 went on sale Dec. 1.,1
train_one_shot.EN.120.1,EN,entrance hall,one_shot,"According to Preservation NJ, it's the only residential building in Rumson listed on the National Historic Register of Historic Places.","In classic Colonial Revival style, the Lauriston Estate includes a marble foyer and spacious entrance hall leading to a unique dual bowed staircase.",Lauriston is currently at the center of an affordable housing settlement agreement that would allow replacement of the mansion with 16 luxury townhouses.,1
train_one_shot.EN.81.1,EN,con artist,one_shot,"Preston Sturges was among a small handful of filmmakers in the 1930s and '40s considered to be masters of the screwball comedy, and this is one of the greatest examples of his work.","In the film, Barbara Stanwyck plays a beautiful con artist named Jean who jeopardizes her scheme when she accidentally falls in love with her mark, Charles (Henry Fonda), and decides to trick him all over again after he discovers the first ruse.",Charles’s gullibility and Jean’s determination makes for a nonstop roller coaster of darkly funny hijinks as the two fall in and out of love while simultaneously trying to get back at one another for betraying the other.,1
train_one_shot.EN.44.1,EN,labour union,one_shot,"The ""people"", that part of society that institutional ‘representation’ is not representing, are here sending a timely reminder to their leaders.","In their respective press releases, the Tunisian General Labour Union (UGTT), the Tunisian Forum for Social and Economic Rights (FTDES) and the Tunisian Association of Young Lawyers (ATJA) also underline the culpability of successive governments since 2011 in the deterioration of the social situation, the aggravation of corruption and the “hijacking of the revolution to the profit of the lobbies” (ATJA).",The UGTT considers that “settling for repressive solutions and propelling the security and military forces into confrontation with the public is an ineffective and unproductive method of solving the problems of hundreds of thousands of marginalised youth”.,1
train_one_shot.EN.254.1,EN,cellular phone,one_shot,the Defendants are likewise accused of peppering a young surgical technologist with unwanted ads pushing pot.,"Aram seeks to represent: “All persons in the United States who (1) received a text message to their cellular phone number from Defendants, (2) within four years prior to the filing of this action, (3) which text message was sent without the recipient’s prior express consent, and (4) which text message(s) (a) advertised Defendants or (b) encouraged the recipient to make a purchase from Defendants.”",Both of these cases were just filed on Friday and continue a trend the cannabis industry must make a note of.,1
train_one_shot.EN.77.1,EN,cooking stove,one_shot,Snow conditions can preclude wheeled vehicles for up to the last mile to the cabin in the winter.,"The cabin features an electric cooking stove and lights, but other amenities are limited.",Guests will need to bring MOST of their own gear and supplies.,1
train_one_shot.EN.241.1,EN,computer program,one_shot,"To find out why birds are so much more vulnerable, Riddell spent 2 years measuring heat transfer and light absorption in the fur and feathers of museum specimens of 50 desert bird species and 24 small mammals.","He then fed those numbers and data on the species’ behavior and habitat into a computer program that modeled how much heat stress an animal would be exposed to, and how well it could cool itself, under different temperature conditions.","To keep cool, birds must expend energy, for example by dilating blood vessels to evaporate moisture from their legs or mouths.",1
train_one_shot.EN.264.1,EN,big fish,one_shot,"It has become like that in the GAA as Dublin footballers are forging ahead and the chasing group, if you can call them that, aren't even close to catching them.",Leinster have become such a big fish in such a small pool that something will have to give.,"Last week Connacht surprised them and while Connacht were admirable in their objectives, not much was made of the fact that Leinster had just one regular starter who played the entire match.",0
train_one_shot.EN.264.2,EN,big fish,one_shot,"After a decade at Catfish Bay, Ice Fish Fest is a tournament that, much like the fish, continues to grow.","I've got whole families that are making this an event where we've got people coming down from Minnesota to spend some time together and I've got serious anglers bringing in serious electronic gear to try and catch big fish, so it is really cool how this thing all works out and it's fun,"" Bruns said.",Gates open at 10:30 tomorrow morning.,1
train_one_shot.EN.272.1,EN,phone book,one_shot,And you have to set up your infrastructure differently if you're going to be successful investing into that nation [because] there's just a lot of ground cover.,"One of the things that we have been able to do is to look at venture capital and say, 'Look, there are a lot of rote, repetitive tasks that venture capitalists do, and what if we could eliminate those tasks, so that we don't need to hire the boiler room of Ivy League grads to cold call the entire phone book and annoy all the entrepreneurs and do all that kind of stuff.",We can do more homework in an automated fashion.',1
train_one_shot.EN.110.1,EN,narrow escape,one_shot,"The upshot is a gap in secure power generation and grid balancing that must be fixed.""","Europe hasn't come this close to a major blackout since 2006 when more than 15 million households were plunged into darkness for hours, although there was another narrow escape when the frequency dropped dangerously low at the start of 2019.",Europe's grid operators have put in automatic responses like splitting the network and triggering standby generation or demand reduction.,1
train_one_shot.EN.17.1,EN,mail service,one_shot,"When the Civil War split America, Montgomery Blair, President Lincoln's postmaster general, used the savings from suspending service in the Confederacy to upgrade the Union's mail system.","He expanded the Railway Mail Service, authorized the first money orders and began deliveries to urban residences, while the post became the first major institution to employ large numbers of women and African Americans.","The innovations that followed included Rural Free Delivery (1896) and Parcel Post (1913), which brought rural residents into the mainstream.",1
train_one_shot.PT.439.1,PT,segundo plano,one_shot,"Para tanto, basta ter as versões mais recentes dos sistemas do celular (iOS 14.5) e do smartwatch (watchOS 7.4).","A partir daí, a tecnologia do Face ID fica em segundo plano para que o desbloqueio do smartphone seja mais veloz.","Para desbloquear o celular usando máscara, o Apple Watch precisa estar protegido com um código de bloqueio (PIN), desbloqueado e próximo do iPhone.",0
train_one_shot.PT.335.1,PT,desfile militar,one_shot,"Lutaremos até que a junta militar caia”, acrescentou.","Os ataques das forças de segurança ocorreram simultaneamente à comemoração do Dia das Forças Armadas, que vem sendo comemorado em Naypyidó com um desfile militar presidido por Min Aung Hlaing, 64 anos.","Atos violentos que afetam a segurança e a estabilidade são inadequados”, disse o novo homem forte birmanês em um discurso na televisão, enquanto as forças de segurança mergulhavam o país em uma espiral de violência.",1
train_one_shot.PT.436.1,PT,sangue quente,one_shot,"Na cobrança, Chiquinho pegou firme e venceu Poli.","Como em todo clássico, o sangue quente apareceu.","Primeiro, Marcel soltou a mão no rosto de Thyere e levou o cartão vermelho.",0
train_one_shot.PT.436.2,PT,sangue quente,one_shot,Ambos os animais tinham menos de trinta centímetros de comprimento e eram escavadores.,"Os tritilodontídeos em geral eram semelhantes aos mamíferos: eles provavelmente tinham sangue quente e várias características esqueléticas, especialmente com seus membros, que se alinhavam mais com o que os mamíferos tinham do que seus contemporâneos reptilianos.","“Cada um dos dois representa a única espécie escavadora conhecida em seu próprio grupo (tritilodontídeos e eutriconodontanos, respectivamente);",1
train_one_shot.PT.292.1,PT,alto-falante,one_shot,Adquiria o Beosound Emerge no site oficial Bang & Olufsen,"Segundo a empresa, a intenção foi construir um alto-falante potente, fino, que não ocupasse muito espaço na mobília e caso haja intenção, possa ser disfarçado como artigo de decoração.","O design permite colocar o Beosound Emerge no final de uma estante de livros, ou em áreas pequenas.",1
train_one_shot.PT.289.1,PT,alta temporada,one_shot,"Evite viajar em vésperas de feriados ou datas com eventos importantes, porque nesses dias as passagens estão mais caras.",O preço também varia para cima quando o destino está na alta temporada.,Dê preferência para datas que não antecedam os finais de semana e procure saber em quais dias as companhias aéreas têm voos para aquela localidade.,0
train_one_shot.PT.338.1,PT,disco voador,one_shot,O longa acompanha uma atrapalhada invasão alienígena na pacata cidade de Mossingham.,"Após o avistamento de um disco voador e seu misterioso passageiro, a história se divide em duas frentes.","Por um lado, acompanhamos a divertida jornada do ETzinho Lu-La em descobrir a cultura terrestre, enquanto do outro há a trapalhada tentativa do Fazendeiro em lucrar em cima da moda de ETs que tomou conta das redondezas após os relatos da visita alienígena.",0
train_one_shot.PT.414.1,PT,primeira-dama,one_shot,"Foi feita para qualificar pessoas, formá-las, para que tenham condição de sobreviver com sua profissão, ter dignidade e cidadania”, afirma Caiado.","O aumento da cobertura do benefício confere mais estabilidade financeira ao estudante”, destaca primeira-dama","O governador Ronaldo Caiado, acompanhado pela coordenadora do Gabinete de Políticas Socais (GPS) e presidente de honra da Organização das Voluntárias de Goiás (OVG), primeira-dama Gracinha Caiado, lançou, nesta terça-feira (13/04) o primeiro edital de seleção para o Programa Universitário do Bem (ProBem), com a disponibilização de 5 mil bolsas.",0
train_one_shot.PT.310.1,PT,caixeiro viajante,one_shot,SIGA A COLUNA NAS REDES,"O filme acompanha Gela Kolochovi, um caixeiro viajante que circula por uma regiao rural da Republica da Georgia.","Embora dirija uma caminhonete e com isso pareça prospero para a sua freguesia, e quase tao pobre quanto ela.",0
train_one_shot.PT.310.2,PT,caixeiro viajante,one_shot,"Meu pai sempre foi superatuante, um visionário, embora não tenha estudado marketing.","Era um homem prático e objetivo”, orgulha-se Fábio, que se mudou para São Paulo em 1994, e trabalhou inicialmente como um caixeiro viajante, um representante comercial.","Rapidamente, Darcy Miolo e os irmãos começaram o projeto de expansão da vinícola, que hoje tem quatro unidades, 950 hectares próprios e 15 enólogos para a produção de 10 milhões de litros de vinho por ano.",1
train_one_shot.PT.457.1,PT,vista grossa,one_shot,Faltam mecanismos de segurança?,"Ou as travas existem, mas quem deveria punir faz vista grossa?","Nao se engane: aos 61 anos, Brasilia pode ter virado epicentro dos jogos enganosos no pais.",0
train_one_shot.PT.348.1,PT,fila indiana,one_shot,"No dia seguinte, logo ao alvorecer, reuniram-se todos no pátio do ""ashram"".","O sábio ia à frente, com os discípulos seguindo em silêncio atrás, em fila indiana (literalmente).","Para desespero do afoito brasileiro, no entanto, o mestre parava a cada passo, admirava a paisagem ao redor, meditava com o olhar ao longe, contemplativo.",0
train_one_shot.PT.306.1,PT,buraco negro,one_shot,"Veterana da televisão, ela rebateu os estereótipos enraizados na sociedade, que tratam o sexo feminino como descartável.","É como se caísse em um limbo, um buraco negro"", declarou.",A impressão que a atriz tem é de que a mulher está fadada ao fim da carreira após atingir a maturidade.,0
train_one_shot.PT.287.1,PT,alarme falso,one_shot,"Em um breve momento, Wild achou que os dois finalmente tinham se entendido, ao ver James sorrindo para quem ele pensou que era Anne.","No entanto, era um alarme falso: "" Anne tinha ido para o camarim por um minuto.","James estava sorrindo para a substituta dela"".",1
train_one_shot.PT.354.1,PT,governo federal,one_shot,O investimento em saneamento básico é fundamental para garantir dignidade e melhores condições de vida para milhares de famílias brasileiras.,"Além disso, o governo federal tem o compromisso de não deixar obras paralisadas e de terminar empreendimentos em andamento.","Assim, demonstramos todo o respeito ao dinheiro pago pelo contribuinte”, destacou o ministro do Desenvolvimento Regional, Rogério Marinho.",1
train_one_shot.PT.425.1,PT,regime político,one_shot,"Em meio às exonerações e nomeações, apoiadores e opositores do presidente levantaram análises, reflexões e polêmicas.",Parte deles acredita que as mudanças sinalizam uma tentativa de Jair Bolsonaro (sem partido) endurecer o regime político.,"Outros defendem que elas refletem a necessidade do governo se fortalecer, buscando aliados em todos os poderes.",1
train_one_shot.PT.304.1,PT,bode expiatório,one_shot,Algumas pesquisas que já saíram evidenciaram que não e pontuaram que o maior responsável pelas transmissões são as aglomerações domiciliares.,"É mais fácil achar um bode expiatório do que encontrar a real fonte, que é dentro das nossas casas"", completou.","Ainda segundo o médico, também membro do Comitê, uma das principais preocupações da prefeitura são com as aglomerações que devem ocorrer no Dia das Mães, que, neste ano, é comemorado no próximo dia 9 de maio.",0
train_one_shot.PT.349.1,PT,fio condutor,one_shot,"A obra que ora resenhamos pode ser vista como uma síntese parcial das pesquisas de Abboud e trata com impressionante refino, complexidade e elegância algumas das preocupações sobre as quais o autor já discorria com propriedade em outros títulos de sua autoria ou organização",As publicações de Abboud estão costuradas por um fio condutor comum: a luta pela autonomia do direito e o reconhecimento de sua relevância para a manutenção de um Estado Constitucional.,"Porém, em Direito Constitucional Pós-Moderno, Abboud dará um passo adiante, para resvalar um tema urgente e necessário: as limitações do direito perante as questões pós-modernas, que são tipicamente atravessadas por um alto grau de incerteza e de complexidade e para quais são insuficientes as respostas que o arquétipo jurídico tradicional é capaz de oferecer. ",0
train_one_shot.PT.349.2,PT,fio condutor,one_shot,"Ao se alimentarem destes compostos, as bacterias eletrogenicas naturalmente geram uma corrente eletrica que e, entao, transferida para o material condutivo sobre o qual elas formaram o biofilme.","Essa corrente eletrica e coletada e migra, atraves de um circuito externo (como um fio condutor), para uma segunda camara onde ocorre uma reaçao quimica.",Essa corrente eletrica que percorre o fio condutor de uma camara a outra e a eletricidade que e gerada no sistema e que pode ser utilizada para alimentar baterias ou dispositivos eletronicos.,1
train_one_shot.PT.305.1,PT,braço direito,one_shot,"O despacho, publicado no Diário Oficial da União (DOU), encaminha o nome de Brandelli para apreciação do Senado Federal.","O atual número dois do Itamaraty, que era braço direito do ex-ministro da pasta Ernesto Araújo, deverá ser sabatinado pela Comissão de Relações Exteriores (CRE), hoje presidida pela senadora Kátia Abreu (PP-TO).","Depois, terá de ser aprovado pelos senadores durante votação em plenário.",0
train_one_shot.PT.305.2,PT,braço direito,one_shot,"Ja esta disponivel nas plataformas digitais o thriller ""O Braço Direito"", do diretor Rodrigo Reinhardt.","Em ""O Braço Direito"" conhecemos a historia de Anselmo, um ex-investigador da Policia Civil que agora atua clandestinamente no Mercado de Açoes como o homem de confiança e ""faz-tudo"" de um magnata da Bovespa.",Ele sofre de metastase (cancer generalizado) e tem pouco tempo para solucionar complexas situaçoes profissionais e pessoais.,1
train_one_shot.PT.396.1,PT,pastor alemão,one_shot,"Operações para o libertar envolveram polícias, bombeiros e agentes da proteção animal de Lufkin, no Texas.",Um cão de raça pastor alemão foi encontrado preso na parte de baixo de uma carrinha. , cão terá procurado refugiar-se no carro do dono quando se assustou com uma trovoada. ,0
train_one_shot.PT.325.1,PT,colégio militar,one_shot,Eu servi o Exército.,Meu sonho era colocar meu filho no Colégio Militar.,E esse sonho tiraram de mim.,0
train_one_shot.PT.325.2,PT,colégio militar,one_shot,O terceiro-sargento da Polícia Militar do Distrito Federal (PMDF) Hamilton Castro da Silva (foto principal) faleceu nessa quarta-feira (21/4) vítima da Covid-19.,"Atualmente, ele trabalhava na Diretoria de Pessoal Militar (DPM), mas já serviu no Gtop 21. Também foi professor do Colégio Militar Tiradentes.","A corporação emitiu nota de pesar. “Aos familiares e amigos transmitimos nossas mais sinceras condolências pela perda do valoroso combatente”, diz o texto. ",1
train_one_shot.PT.394.1,PT,papel higiênico,one_shot,"Às vezes atuando para combater crime, outras, procurando suprimentos de necessidade básica. É a vida!","Um cão policial tem muitas habilidades — detectar drogas, artigos ilícitos, ou pessoas —, mas farejando e encontrando rolo de papel higiênico, você já tinha visto?","Segundo o The Dodo, o especialista em identificar o ‘artefato’ é o cão de polícia Mac, da Escócia.",1
train_one_shot.PT.432.1,PT,sala cirúrgica,one_shot,"Para ter tudo isso funcionando, precisamos do bem mais valioso, que são os nossos heróis, médicos, enfermeiros, fisioterapeutas, as pessoas que cuidam da limpeza.",O HC está transformando sala cirúrgica em leito de UTI. ,"Esses 244 leitos de UTI estão no Instituto Central, no InCor [Instituto do Coração], no HC de Suzano.",1
train_one_shot.PT.296.1,PT,ano-novo,one_shot,"Desde que o bitcoin foi lançado, em 2009, o gigante asiático não para de perseguir o objetivo de ter uma moeda digital soberana.","A tecnologia está em análise desde 2014, mas o primeiro grande passo foi dado em fevereiro, às vésperas das celebrações do ano-novo lunar, quando o Banco Popular da China distribuiu, por sorteio, pacotes de 200 e-yuans (cerca de 170 reais) a dezenas de milhares de pessoas.",A moeda digital soberana é diferente de uma criptomoeda.,1
train_one_shot.PT.320.1,PT,cheiro-verde,one_shot,Reserve uma concha para finalizar.,"Em uma frigideira, aqueça o óleo, frite rapidamente os feijões, tempere com sal e pimenta, finalize com o cheiro-verde.","Misture no risoto e salpique alguns grãos por cima, azeite e cheiro-verde para finalizar.",0
train_one_shot.PT.430.1,PT,roleta russa,one_shot,"Apesar de as pessoas continuarem morrendo ate hoje devido ao jogo, pouco se sabe sobre suas origens, ou o quao difundido ele realmente e.",O que se sabe com certeza sobre a roleta russa e que ela e uma referencia para escritores e produtores cinematograficos de todo o mundo.,Incontaveis ​​tramas foram criadas em torno do peculiar assunto.,0
train_one_shot.PT.430.2,PT,roleta russa,one_shot,"Este trecho do classico romance ""O Heroi do Nosso Tempo"", do grande escritor russo Mikhail Liermontov, descreve uma aposta entre dois oficiais do exercito tsarista que so precisavam descobrir se o destino era algo predeterminado ou se era controlado pelas pessoas.","Na ausencia de evidencias empiricas suficientes, eles recorrem a sorte e a uma arma, realizando um experimento muito semelhante ao que hoje e amplamente conhecido como roleta russa, um misterioso ""jogo"" mortal envolto em misterio.","Apesar de as pessoas continuarem morrendo ate hoje devido ao jogo, pouco se sabe sobre suas origens, ou o quao difundido ele realmente e.",1
train_one_shot.PT.316.1,PT,centro comercial,one_shot,"A par disso, realizou um plano de testagem à Covid-19 dirigido aos membros do staff e aos lojistas.","Em comunicado, o centro comercial explica que ""desde a primeira hora adotou todas as medidas de higiene de segurança na prevenção à pandemia"".","O rastreio envolveu testes rápidos, tendo sido realizado numa parceria entre o ACeS Dão-Lafões/Unidade de Saúde Pública e a Cruz Vermelha Portuguesa, ""com o objetivo de detetar casos assintomáticos, no controlo à pandemia"", adianta o centro comercial.",0
train_one_shot.PT.316.2,PT,centro comercial,one_shot,"A mobilização, que já acontece anualmente desde 2014, desta vez, une esforços de diversas unidades da entidade internacional para ampliar o alcance geográfico e conseguir mais doações.","Com a participação dos Rotary Clubs de Barueri-Alphaville, Barueri-Tamboré, Carapicuíba, Osasco, Jandira-Santana de Parnaíba-Aldeia da Serra e Barueri-Centro Comercial Alphaville, o objetivo é reforçar os estoques do sistema de saúde, quase esgotados por causa do agravamento da pandemia do novo coronavírus.","“Este é um momento de empatia, solidariedade, apoio e cuidado com o próximo. Com o aumento diário das internações, a demanda por sangue e derivados também sobe e as reservas precisam ser continuamente reabastecidas. Doar sangue é uma ação simples, mas um ato de amor que salva vidas”, afirma Celso Luiz Tracco, presidente do Rotary Club de Barueri-Alphaville.",1
train_one_shot.PT.442.1,PT,sexto sentido,one_shot,A ela nós também podemos dar o nome de intuição.,"O fato é que algumas pessoas parecem ter o sexto sentido mais aguçado e, seja por meio de um frio na barriga, um pensamento repentino, um sonho ou uma sensação diferente, sabem o melhor caminho a seguir e a melhor escolha a fazer.","Segundo a astrologia, embora todas as pessoas tenham o poder de prever acontecimentos, existem alguns signos mais intuitivos que outros.",0
train_one_shot.PT.413.1,PT,primeira necessidade,one_shot,"Vamos lembrar que os pacotes de ajuda nos Estados Unidos durante a crise da Covid-19 já superam os 5 trilhões de dólares nos últimos anos, e até então não conseguimos ver sinais claros de inflação na economia americana como um todo.","Ao contrário dos gastos comuns de política fiscal, acompanhamos nos Estados Unidos a compra de títulos públicos e privados por parte do Banco Central, o Federal Reserve, o que significou que muitos dos recursos utilizados pelo Governo para o combate à crise não foram totalmente alocados para os mais pobres, aqueles que consomem mais itens de primeira necessidade, o que causa impacto à inflação de maneira mais direta e severa.","Essa situação de compra de títulos, aliada a uma política de juros básicos da economia próximos de zero, fez com que a inflação americana despontasse em outro local, nas ações das empresas, que nunca estiveram com altas tão consistentes, apesar de que a economia global ainda está em processo de reorganização, e o desemprego no mundo inteiro ainda está em alta.",0
train_one_shot.PT.418.1,PT,processo seletivo,one_shot,"Os cursos possuem duração de um ano e meio a dois anos, com opções nos períodos da manhã, tarde e noite, e são reconhecidos pelo MEC, Ministério da Educação.","A participação no processo seletivo possui uma taxa de inscrição no valor de R53,00, para candidatos da comunidade, que deve ser paga via boleto.","A divulgação do resultado estará disponível no site do SENAI-SP e nas escolas, a partir das 14h, do dia 8 de junho de 2021.",1
train_one_shot.PT.387.1,PT,núcleo atômico,one_shot,"Durante os primeiros 30 anos do século 20, conseguimos demonstrar a hipótese atômica, e desde então descobrimos mais uma camada de complexidade, de novas partículas elementares que formam os átomos.","Os cento e tantos átomos são, na verdade, arranjos de três partículas mais elementares --prótons e nêutrons aglutinados em um núcleo atômico, com elétrons orbitando esse núcleo.","Seria uma conclusão agradável, a complexidade da natureza vêm de três ingredientes misturados de formas diversas.",1
train_one_shot.PT.327.1,PT,comida caseira,one_shot,"Neste domingo, o restaurante da praça esta aberto e servira porçao de picanha, aproveite!",O Garfos Restaurante trabalha com um cardapio baseado em comida caseira e visa oferecer refeiçoes de qualidade a um preço acessivel.,O disque entrega funciona todos os dias pelos numeros: WhatsApp 94134-5951 e fixo 4719-1400.,1
train_one_shot.PT.424.1,PT,rede social,one_shot,"Ja resolvi o problema"", disse mecanico depois de matar a ex",Briga por postagem em rede social termina em morte a tiros na Vila Margarida,"Suspeito teria ""tomado as dores"" de amigo que não gostou de postagem; a vítima era capataz de 30 anos",0
train_one_shot.PT.392.1,PT,ovelha negra,one_shot,"Estamos honrando o teto e construindo as paredes”, afirmou.","Em outro momento, voltando ao tema do impasse do Orçamento, ele reforçou que a busca é por uma solução, que a briga tem “mérito” e que “sempre, em grande rebanho, tem uma ovelha negra”.","Mas não é o Congresso nem o grosso do ministério”, completou.",0
train_one_shot.PT.392.2,PT,ovelha negra,one_shot,Museu a céu aberto: esculturas do Parque da Catacumba são revitalizadas,"Dia 30 é a vez de Julia Mestre subir ao palco com o repertório de Rita Lee, passeando por canções de diferentes períodos, como Ovelha Negra e Amor e Sexo.",Grandes nomes do pagode se apresentam no Rio em fevereiro,1
train_one_shot.PT.443.1,PT,sinal verde,one_shot,Mas no apagar das luzes surgiu uma luz no fim do túnel.,"Um empresário de Manaus topou esse desafio conosco do Campeonato Brasileiro feminino da A2 especificamente dessa competição e com esse sinal verde nós começamos a sondar algumas atletas e quando tivemos o sim de algumas jogadoras que já passaram pelo Iranduba nos momentos bons ali de 2016 e 2019, caso da Elisa, Vitória...aí nós vimos que conseguiríamos montar um bom time.","Um time com qualidade boa embora um plantel curto, reduzido, mas acredito que seja suficiente para fazer uma boa campanha nessa Série A2.",0
train_one_shot.PT.443.2,PT,sinal verde,one_shot,"Das 10h às 12h07, período em que os carros rasgaram as retas de Ímola, a Fórmula 1 registrou 4,3 pontos de média e pico de 5,5 na Grande São Paulo, permanecendo 45 minutos não consecutivos em 2˚ lugar e outros 62 em 3˚ lugar – a contagem sobe para 67 se considerarmos o “aquecimento” da prova, exibido às 9h30.","Quando Lewis Hamilton, que fez bela prova de recuperação, recebeu o sinal verde para largar, a Globo era líder em São Paulo com 5,2 pontos de frente para a Band (8,1 a 2,9).","Às 11h59, a seis voltas do fim da jornada, a distância entre as redes era de 1,3 ponto (6,8 a 5,5).",1
train_one_shot.PT.363.1,PT,livro aberto,one_shot,"Cláudia Vieira não perdoa traição de Sara Matos: ""Não conheço...""",Livro aberto: Demi Lovato revelou a sua orientação sexual e como a descobriu,"Cantora tem ultimamente feito multiplas revelaçoes sobre as suas experiencia de vida, depois de fase dificil de 2018.",0
train_one_shot.PT.363.2,PT,livro aberto,one_shot,A opção “Mostrar capa” será a primeira da lista e basta ativar para que ela entre em ação.,"A partir daí, a capa do último livro aberto será mostrada na tela sempre que o Kindle entrar em repouso.","2 de 2 Opção está presente dentro das ""Opções de dispositivo"" em ""Configurações"" — Foto: Filipe Garrett/TechTudo",1
train_one_shot.PT.408.1,PT,ponto forte,one_shot,"Por isso, ele ficou aliviado em assinar com a Benchling há pouco mais de um ano, embora, como ele diz, “não seja uma despesa insignificante” para uma startup.","O ponto forte da história é um grande cientista com uma grande ideia, mas para um sucesso sustentado é necessário construir sistemas para gerenciar as informações e os dados”, diz ele.","Com o novo financiamento, a Benchling está adicionando mais ferramentas para pesquisadores que trabalham com química e biologia, e estão em busca de outros produtos que possam apoiar o desenvolvimento, bem como a pesquisa.",0
train_one_shot.PT.360.1,PT,leite integral,one_shot,"No dia anterior (19), Arthur Amadeu, representando Aparecida Garcia Amadeu, amigos e a família de Sandra Elena Garcia, realizou a doação de aproximadamente 793 quilos em alimentos, entre eles leite integral, café, feijão e açúcar e alimentos perecíveis suficientes para suprir o estoque pelos próximos 15 dias.","Já no dia 14 de abril, o casal Geraldo Lino e Nair Gerônimo, moradores de Jales, levaram até a Santa Casa a doação de café, feijão, arroz, leite integral, açúcar, biscoito de água e sal, cebolas, batatas e outros alimentos perecíveis.",Arthur Amadeu representou amigos e familiares durante a entrega de mais de 700 quilos de alimentos,0
train_one_shot.PT.404.1,PT,planta baixa,one_shot,Havia uma solicitação: preservar o estilo Haussmann Parisiense.,"Desafiados a reconfigurar toda a planta baixa e agregar cômodos mais proporcionais, os arquitetos do escritório NAME architecture criaram um terceiro quarto e banheiro.","A abertura de um arco entre a nova cozinha e a sala de estar, intocada, permitiu uma maior entrada de luz natural ao ambiente.",0
train_one_shot.PT.404.2,PT,planta baixa,one_shot,A cena montada pelos versos sugere um olhar externo lançado a si mesmo.,"A ideia alinha-se em determinado grau aos movimentos e percepçoes propostos pelo experimento cenico ""Expediçao Planta Baixa"", do Coletivo Projeto Casa.","Com dire çao do encenador e professor da UFC Francis Wilker, dramaturgia de Renato Abe, performances de Loreta Dialla e Jander Alcantara e tecnica do designer Gomes Avilla, o projeto divide reflexoes sobre a construçao de memorias e afetos a partir do contexto de isolamento com sua proliferaçao de imagens.",1
train_one_shot.PT.293.1,PT,amigo oculto,one_shot,"Mesmo com a pandemia, é possível manter a tradição do amigo secreto de Natal com poucos familiares ou a distância Imagem: Getty Images","Chegou o fim do ano e com ele as festas de Natal, de Ano Novo e, claro, o tradicional amigo secreto - ou amigo oculto, dependendo da região do Brasil.","Não tem jeito, essa é uma tradição brasileira.",0
train_one_shot.PT.293.2,PT,amigo oculto,one_shot,Secret Santa Generator : Secret Santa é o nome do amigo secreto feito nos Estados Unidos.,"Esta é a versão do app semelhante ao Amigo Oculto SMS, mas para quem tem iOS.",Eles são análogos e funcionam exatamente da mesma forma.,1
train_one_shot.PT.284.1,PT,agente secreto,one_shot,"Já à meia-noite, o Domingo Maior exibe 3 Dias para Matar (2014).","Ethan Renner (Kevin Costner), veterano agente secreto, está à beira da morte.","Seu último desejo é reatar com sua filha, com quem perdeu contato há muito tempo.",1
train_one_shot.PT.435.1,PT,sangue frio,one_shot,"Com a pele em chamas, o companheiro de Khen (Pérola Faria) saberá por suas companheiras que Sarai é mulher de Abrão e que a praga divina foi enviada pelo Deus que o casal serve.","Irritado com a mentira, o líder desejará matar os dois personagens a sangue frio, mas temerá que o Todo-Poderoso se vingue.","Assim, ele decidirá se livrar do escolhido e liberará a ruiva de suas obrigações como concubina.",0
train_one_shot.PT.435.2,PT,sangue frio,one_shot,"O juiz Dalton Igor Kita Conrado, da 5ª Vara Federal de Campo Grande, recebeu denúncia realizada pelo MPF (Ministério Público Federal) por peculato contra os médicos Marcelino Chehoud Ibrahim, ex-Diretor Clínico do HU/UFMS; e Amaury Edgardo Mont Serrat Avila Souza, ex-presidente da Comissão Permanente de Licitação do HU/UFMS.","A denúncia, que também implica Nilza dos Santos Miranda, Artemisia Mesquita de Almeida, Alcides Manuel do Nascimento e Jorge da Costa Carramanho Junior, é um dos desdobramento da Operação Sangue Frio, da Polícia Federal, que desarticulou esquema de fraudes em licitação e uso indevido de verba pública - também conhecida como “máfia do câncer”.","Ingressada em 2018, a denúncia do MPF, assinada pelo procurador da República Davi Marcucci Pracucho, pede a condenação dos réus e reparação dos danos causados pelos crimes com devolução de, ao todo, R$ 6.602.420,91, somando a parte de cada um dos denunciados, em valores atualizados na ocasião da denúncia.",1
